ae train,ae test,ae mel,ae perc,ae kld,beta,lr
3.893463,2.6159585,0.48119387,1.0761913,13.40633,0.0,0.0001
2.4221842,2.3359523,0.15393052,0.81494325,16.917648,0.0,0.0001
2.284573,2.2788525,0.13598555,0.77784365,19.018833,0.0,0.0001
2.213365,2.1756358,0.12683219,0.7585139,20.640684,0.0,0.0001
2.183422,2.156222,0.12300684,0.75036186,21.581247,0.0,0.0001
2.1457076,2.1555333,0.11754297,0.7407401,22.213625,0.0,0.0001
2.1173003,2.091093,0.11330766,0.7336125,22.46229,0.0,0.0001
2.0875654,2.0837448,0.10909171,0.7259344,22.391476,0.0,0.0001
2.062313,2.0504508,0.10523882,0.7196864,22.1041,0.0,0.0001
2.0370917,2.0169816,0.10137583,0.7134608,22.917961,0.0,0.0001
2.0071757,2.0121765,0.09734022,0.70553005,23.391512,0.0,0.0001
1.9906921,1.9957315,0.09511183,0.701165,23.95776,0.0,0.0001
1.9739736,1.9695035,0.09280279,0.69678664,24.483948,0.0,0.0001
1.958144,1.9743482,0.090623155,0.6926344,25.072334,0.0,0.0001
1.9473615,1.9439914,0.08892779,0.69001675,25.531559,0.0,0.0001
1.9334801,1.9308597,0.08703068,0.6863614,25.668053,0.0,0.0001
1.9246745,1.9677988,0.085725754,0.6841441,25.936764,0.0,0.0001
1.9170862,1.9128946,0.08451355,0.68232095,26.251474,0.0,0.0001
1.9079562,1.9022471,0.083228186,0.67995423,26.405762,0.0,0.0001
1.9030827,1.8856945,0.08251515,0.6787179,26.622366,0.0,0.0001
1.8903188,1.886753,0.080805324,0.67532223,26.8416,0.0,0.0001
1.915685,1.8932486,0.08226929,0.6784152,8.384214,0.0016666666666666668,0.0001
1.9069597,1.8971881,0.08070029,0.6755167,4.925181,0.0033333333333333335,0.0001
1.9105834,1.9127609,0.08062827,0.67540437,4.1003366,0.005000000000000001,0.0001
1.9093454,1.9036776,0.08004676,0.67382246,3.7008078,0.006666666666666667,0.0001
1.9100312,1.9511188,0.07956921,0.6729426,3.450219,0.008333333333333333,0.0001
1.9119587,1.9001282,0.07933784,0.67231065,3.2837539,0.010000000000000002,0.0001
1.9127098,1.901095,0.078795746,0.67161524,3.1442132,0.011666666666666667,0.0001
1.9129786,1.9191873,0.07842419,0.67058647,3.033887,0.013333333333333334,0.0001
1.9204147,1.9254712,0.07879941,0.67169756,2.9448183,0.015000000000000001,0.0001
1.9163296,1.909216,0.07771997,0.66974866,2.859479,0.016666666666666666,0.0001
1.9187998,1.9107468,0.07750966,0.66958535,2.785213,0.018333333333333333,0.0001
1.9284258,1.9553189,0.078449726,0.6711576,2.7203705,0.020000000000000004,0.0001
1.9188988,1.9147791,0.07661752,0.6679241,2.6559062,0.021666666666666667,0.0001
1.9298353,1.9315436,0.0776446,0.670028,2.5994532,0.023333333333333334,0.0001
1.9259049,1.9236401,0.07678127,0.6681346,2.5446098,0.025,0.0001
1.9357351,1.9635938,0.077668086,0.67001694,2.494599,0.02666666666666667,0.0001
1.9347878,1.9240682,0.07718891,0.6689894,2.4473636,0.028333333333333335,0.0001
1.9370825,1.9234884,0.07708801,0.66893667,2.400694,0.030000000000000002,0.0001
1.9364926,1.9374027,0.07656334,0.6681857,2.3564098,0.03166666666666667,0.0001
1.9450996,1.9787729,0.07741439,0.6697661,2.3144538,0.03333333333333333,0.0001
1.9430916,1.9690253,0.07679879,0.6685977,2.2743008,0.035,0.0001
1.944207,1.9433324,0.076494925,0.6683985,2.235635,0.03666666666666667,0.0001
1.9510602,1.9491434,0.077118084,0.66961616,2.197163,0.03833333333333334,0.0001
1.9522735,1.9613885,0.07697727,0.66934913,2.161437,0.04000000000000001,0.0001
1.954515,1.9503051,0.07713014,0.66923195,2.1266346,0.041666666666666664,0.0001
1.958941,1.9629328,0.07737696,0.66991985,2.0930533,0.043333333333333335,0.0001
1.9601768,1.9538686,0.07724585,0.6697239,2.0611641,0.045000000000000005,0.0001
1.9603249,1.9553983,0.07690718,0.6693217,2.0304127,0.04666666666666667,0.0001
1.9660037,1.9623224,0.077501535,0.67022824,2.0002592,0.04833333333333334,0.0001
1.9546119,1.9587847,0.07575734,0.6665572,1.976509,0.05,3.16e-05
1.9586935,1.9594347,0.07601862,0.6670598,1.954791,0.051666666666666666,3.16e-05
1.9633558,1.964075,0.07635981,0.6677378,1.9333458,0.05333333333333334,3.16e-05
1.9671836,1.9705902,0.07659988,0.6682287,1.9111328,0.05500000000000001,3.16e-05
1.971725,1.9803262,0.076837994,0.6690333,1.8890651,0.05666666666666667,3.16e-05
1.9756718,1.9820725,0.07711044,0.6695756,1.8678335,0.058333333333333334,3.16e-05
1.9789059,1.9820718,0.07727105,0.66997045,1.8467009,0.060000000000000005,3.16e-05
1.9827844,1.9847605,0.077579066,0.6704942,1.825967,0.06166666666666667,3.16e-05
1.9874285,1.9866159,0.07795743,0.6712739,1.805529,0.06333333333333334,3.16e-05
1.9905148,1.9918793,0.07810036,0.67167693,1.7857164,0.065,3.16e-05
1.9943266,1.9898678,0.078358606,0.6722712,1.7662805,0.06666666666666667,3.16e-05
1.9990702,2.0021434,0.07875827,0.67311734,1.7470382,0.06833333333333334,3.16e-05
2.0018013,2.0035305,0.07892809,0.6733979,1.7283753,0.07,3.16e-05
2.0059354,1.9959539,0.07919474,0.67416275,1.7098819,0.07166666666666667,3.16e-05
2.0094688,2.0100188,0.07943777,0.67473006,1.6915816,0.07333333333333333,3.16e-05
2.0132377,2.0103388,0.07976771,0.6753147,1.6737548,0.075,3.16e-05
2.0172515,2.026464,0.08010788,0.675995,1.6564466,0.07666666666666667,3.16e-05
2.0200078,2.019607,0.080313854,0.6763315,1.6390775,0.07833333333333334,3.16e-05
2.0244133,2.0324535,0.08056904,0.67728883,1.6221118,0.08000000000000002,3.16e-05
2.0275528,2.0324101,0.08092648,0.6776461,1.6055669,0.08166666666666668,3.16e-05
2.0314465,2.0340085,0.08126211,0.67836225,1.58863,0.08333333333333333,3.16e-05
2.0346825,2.042656,0.08142002,0.67897534,1.5728719,0.085,3.16e-05
2.0392714,2.0423894,0.08185886,0.6798833,1.5567226,0.08666666666666667,3.16e-05
2.0421422,2.0396965,0.08211179,0.68027896,1.5414956,0.08833333333333335,3.16e-05
2.0448992,2.0427687,0.08239276,0.6806101,1.526578,0.09000000000000001,3.16e-05
2.0491683,2.037346,0.08271919,0.68152547,1.5115271,0.09166666666666666,3.16e-05
2.0523434,2.0487828,0.082975425,0.6820854,1.4966942,0.09333333333333334,3.16e-05
2.056034,2.057674,0.0833744,0.682729,1.4818496,0.095,3.16e-05
2.0581563,2.0549707,0.083474085,0.68305904,1.4671403,0.09666666666666668,3.16e-05
2.0627654,2.0572362,0.08402813,0.68391037,1.4534141,0.09833333333333334,3.16e-05
2.0645404,2.066206,0.08409765,0.68413043,1.4397026,0.1,3.16e-05
2.0635033,2.0758803,0.084053375,0.68399394,1.4338502,0.1,3.16e-05
2.0642164,2.0725975,0.08417683,0.6843427,1.4291744,0.1,3.16e-05
2.0626152,2.0768263,0.08401263,0.68406284,1.4242629,0.1,3.16e-05
2.061793,2.0754108,0.08402202,0.6838969,1.4199572,0.1,3.16e-05
2.060197,2.0588791,0.08387598,0.6836063,1.4149139,0.1,3.16e-05
2.059915,2.0521748,0.08383991,0.6837071,1.4104737,0.1,3.16e-05
2.058168,2.058206,0.0838051,0.68319297,1.4067279,0.1,3.16e-05
2.0573974,2.056839,0.083781816,0.683075,1.4025526,0.1,3.16e-05
2.0574098,2.0474286,0.083715014,0.68330175,1.3986802,0.1,3.16e-05
2.0552483,2.065604,0.08353494,0.68276846,1.3948945,0.1,3.16e-05
2.0542455,2.0494652,0.08347307,0.6825761,1.3912232,0.1,3.16e-05
2.0538633,2.0563111,0.08344545,0.68258524,1.3878645,0.1,3.16e-05
2.0527558,2.0566924,0.08341194,0.6823098,1.3845174,0.1,3.16e-05
2.0517435,2.0469391,0.08340292,0.6820522,1.3810579,0.1,3.16e-05
2.0508044,2.0524907,0.08326168,0.6819518,1.3777064,0.1,3.16e-05
2.050894,2.0528603,0.08326329,0.68210125,1.3748283,0.1,3.16e-05
2.048925,2.0466728,0.08309273,0.6816332,1.3711026,0.1,3.16e-05
2.047873,2.0523274,0.083032824,0.68137807,1.368459,0.1,3.16e-05
2.047552,2.045453,0.083087966,0.68130314,1.3657426,0.1,3.16e-05
1.7783134,1.7789135,0.064162,0.64716333,3.5743022,0.0,9.985600000000001e-06
1.7650839,1.7636297,0.06259472,0.6434389,4.2858152,0.0,9.985600000000001e-06
1.7604544,1.7555006,0.06212705,0.6420548,4.6216173,0.0,9.985600000000001e-06
1.7571521,1.7603616,0.061761305,0.6410996,4.8796897,0.0,9.985600000000001e-06
1.7541265,1.7598224,0.061486635,0.64016396,5.100378,0.0,9.985600000000001e-06
1.7531766,1.7518915,0.06127224,0.6399984,5.3032136,0.0,9.985600000000001e-06
1.7513386,1.7568454,0.06109248,0.639443,5.4915185,0.0,9.985600000000001e-06
1.7501802,1.7506933,0.060875807,0.63919634,5.6782856,0.0,9.985600000000001e-06
1.7478971,1.7491477,0.060690857,0.638468,5.865578,0.0,9.985600000000001e-06
1.7470311,1.7437295,0.060612977,0.6381995,6.0377455,0.0,9.985600000000001e-06
1.7459737,1.7489387,0.060399096,0.6379904,6.2321863,0.0,9.985600000000001e-06
1.7445018,1.7462806,0.060248625,0.63755214,6.415469,0.0,9.985600000000001e-06
1.7438139,1.7426881,0.060159557,0.637366,6.5971355,0.0,9.985600000000001e-06
1.7429006,1.7398047,0.060056172,0.63710403,6.778809,0.0,9.985600000000001e-06
1.742418,1.7451922,0.05995639,0.63701075,6.967879,0.0,9.985600000000001e-06
1.7404834,1.7421716,0.05979736,0.636396,7.1546497,0.0,9.985600000000001e-06
1.7401866,1.7438407,0.059646867,0.6364278,7.340537,0.0,9.985600000000001e-06
1.7397587,1.74255,0.05964803,0.6362555,7.524011,0.0,9.985600000000001e-06
1.7384185,1.7392511,0.059461,0.63590634,7.711217,0.0,9.985600000000001e-06
1.738209,1.7354617,0.059415262,0.6358683,7.8884892,0.0,9.985600000000001e-06
1.7378284,1.7338482,0.059335593,0.63579565,8.071835,0.0,9.985600000000001e-06
1.7443962,1.7431852,0.059455812,0.6355908,4.067841,0.0016666666666666668,9.985600000000001e-06
1.7507362,1.748844,0.059775144,0.63622034,3.2242806,0.0033333333333333335,9.985600000000001e-06
1.7568941,1.7635126,0.06009428,0.6366407,3.0113273,0.005000000000000001,9.985600000000001e-06
1.7629224,1.7629501,0.060362317,0.63717014,2.8637097,0.006666666666666667,9.985600000000001e-06
1.7678435,1.7720267,0.060589798,0.6373816,2.749769,0.008333333333333333,9.985600000000001e-06
1.7736355,1.7718213,0.060878918,0.6379509,2.656081,0.010000000000000002,9.985600000000001e-06
1.7792021,1.7783573,0.061157074,0.638497,2.5771596,0.011666666666666667,9.985600000000001e-06
1.7848239,1.7852643,0.061492752,0.6390599,2.5081687,0.013333333333333334,9.985600000000001e-06
1.7893164,1.7917353,0.06171336,0.63933104,2.447035,0.015000000000000001,9.985600000000001e-06
1.794452,1.7993499,0.061992917,0.6398409,2.3920476,0.016666666666666666,9.985600000000001e-06
1.8001119,1.8010612,0.062323336,0.64054626,2.3420632,0.018333333333333333,9.985600000000001e-06
1.8048598,1.8048487,0.06259256,0.6409794,2.296497,0.020000000000000004,9.985600000000001e-06
1.8096881,1.8117388,0.0629124,0.64142555,2.254298,0.021666666666666667,9.985600000000001e-06
1.8151697,1.8143702,0.06325567,0.6421375,2.215144,0.023333333333333334,9.985600000000001e-06
1.8204149,1.8210132,0.063566945,0.6428155,2.1783557,0.025,9.985600000000001e-06
1.825147,1.8313082,0.0638572,0.64333445,2.143794,0.02666666666666667,9.985600000000001e-06
1.8296347,1.8322455,0.064142145,0.6437887,2.1108575,0.028333333333333335,9.985600000000001e-06
1.8348709,1.8368491,0.06446356,0.6445216,2.0802612,0.030000000000000002,9.985600000000001e-06
1.8392133,1.8428402,0.064770974,0.64493954,2.0506396,0.03166666666666667,9.985600000000001e-06
1.8435097,1.8445536,0.06507161,0.64536583,2.0224793,0.03333333333333333,9.985600000000001e-06
1.8492405,1.8474005,0.065453984,0.6462959,1.9961671,0.035,9.985600000000001e-06
1.853621,1.8513117,0.06573601,0.64681315,1.9704003,0.03666666666666667,9.985600000000001e-06
1.8583175,1.8603214,0.0660614,0.64743036,1.9457836,0.03833333333333334,9.985600000000001e-06
1.8633118,1.8619436,0.06641912,0.6481455,1.9225006,0.04000000000000001,9.985600000000001e-06
1.8681024,1.8668308,0.06672024,0.6488621,1.8995149,0.041666666666666664,9.985600000000001e-06
1.8732518,1.8742979,0.06713066,0.64961904,1.8779438,0.043333333333333335,9.985600000000001e-06
1.8769908,1.8804482,0.067323044,0.6500588,1.8563602,0.045000000000000005,9.985600000000001e-06
1.8823102,1.8786013,0.06772203,0.6509284,1.8360858,0.04666666666666667,9.985600000000001e-06
1.886859,1.8887396,0.068043746,0.6515854,1.8162644,0.04833333333333334,9.985600000000001e-06
1.8895416,1.888989,0.06817871,0.6516731,1.7982458,0.05,3.1554496000000007e-06
1.8949705,1.891763,0.06854647,0.65263194,1.7811236,0.051666666666666666,3.1554496000000007e-06
1.8989438,1.8971149,0.06885206,0.65308815,1.7642485,0.05333333333333334,3.1554496000000007e-06
1.9048209,1.9035177,0.0693502,0.6541126,1.7484366,0.05500000000000001,3.1554496000000007e-06
1.9075141,1.905729,0.069537416,0.6542147,1.7317742,0.05666666666666667,3.1554496000000007e-06
1.9127592,1.9147636,0.06988843,0.6551698,1.7162325,0.058333333333333334,3.1554496000000007e-06
1.9173086,1.9184786,0.070217066,0.6558861,1.7008425,0.060000000000000005,3.1554496000000007e-06
1.9213511,1.9217492,0.07056831,0.6563784,1.6862328,0.06166666666666667,3.1554496000000007e-06
1.9256063,1.9265927,0.07090636,0.6569893,1.6715844,0.06333333333333334,3.1554496000000007e-06
1.9300181,1.933502,0.07120338,0.6577151,1.6572578,0.065,3.1554496000000007e-06
1.9346031,1.9343383,0.07156741,0.6584517,1.6433342,0.06666666666666667,3.1554496000000007e-06
1.9383397,1.9412891,0.07193461,0.65885127,1.6298816,0.06833333333333334,3.1554496000000007e-06
1.942951,1.945333,0.07225389,0.6596639,1.6165221,0.07,3.1554496000000007e-06
1.9471542,1.9498522,0.07259939,0.6602947,1.6035163,0.07166666666666667,3.1554496000000007e-06
1.9520023,1.9512738,0.07293991,0.66120017,1.5907105,0.07333333333333333,3.1554496000000007e-06
1.9558783,1.9566839,0.07331871,0.6616799,1.578425,0.075,3.1554496000000007e-06
1.9596285,1.9619254,0.073618524,0.6622014,1.5662438,0.07666666666666667,3.1554496000000007e-06
1.9643295,1.964415,0.0739147,0.6631309,1.553814,0.07833333333333334,3.1554496000000007e-06
1.968463,1.9685099,0.074317075,0.6637117,1.5423881,0.08000000000000002,3.1554496000000007e-06
1.9725031,1.9743543,0.07465244,0.6643326,1.5311077,0.08166666666666668,3.1554496000000007e-06
1.9767632,1.9800532,0.07498547,0.665072,1.519434,0.08333333333333333,3.1554496000000007e-06
1.980716,1.9804842,0.07533065,0.66566825,1.5084589,0.085,3.1554496000000007e-06
1.9858447,1.9870065,0.07571629,0.6666954,1.4978694,0.08666666666666667,3.1554496000000007e-06
1.9894273,1.9900534,0.076031044,0.6671938,1.4871548,0.08833333333333335,3.1554496000000007e-06
1.9934877,1.9919213,0.07638127,0.6678527,1.4766976,0.09000000000000001,3.1554496000000007e-06
1.9970772,1.9983567,0.07665763,0.6684276,1.4657903,0.09166666666666666,3.1554496000000007e-06
2.0007737,2.0028963,0.0770131,0.6689476,1.455773,0.09333333333333334,3.1554496000000007e-06
2.005837,2.0071,0.077415064,0.6699597,1.4463146,0.095,3.1554496000000007e-06
2.009559,2.0132146,0.07773358,0.6705529,1.4363023,0.09666666666666668,3.1554496000000007e-06
2.0137181,2.016121,0.07808851,0.6712708,1.4269817,0.09833333333333334,3.1554496000000007e-06
2.0169086,2.0218916,0.07840493,0.6716691,1.4172357,0.1,3.1554496000000007e-06
2.018075,2.0169737,0.07843109,0.672182,1.4154251,0.1,3.1554496000000007e-06
2.01731,2.014998,0.07844704,0.67192554,1.4137853,0.1,3.1554496000000007e-06
2.0178847,2.0195038,0.078481674,0.6721766,1.4123911,0.1,3.1554496000000007e-06
2.017388,2.01861,0.07849743,0.67201185,1.41115,0.1,3.1554496000000007e-06
2.0171928,2.020357,0.07850524,0.67198354,1.4097078,0.1,3.1554496000000007e-06
2.0176125,2.0152943,0.07860211,0.6720788,1.4091026,0.1,3.1554496000000007e-06
2.017562,2.020243,0.07855686,0.6721566,1.4077814,0.1,3.1554496000000007e-06
2.0174508,2.0199687,0.078579105,0.6721291,1.4068043,0.1,3.1554496000000007e-06
2.0170898,2.0191247,0.07854374,0.67207557,1.4054171,0.1,3.1554496000000007e-06
2.0170367,2.0178218,0.07855174,0.67208207,1.4045216,0.1,3.1554496000000007e-06
2.0174246,2.0185757,0.07859588,0.67222035,1.4038397,0.1,3.1554496000000007e-06
2.0172687,2.019097,0.0786049,0.67219263,1.402746,0.1,3.1554496000000007e-06
2.0173588,2.0155017,0.07860543,0.6722633,1.4018704,0.1,3.1554496000000007e-06
2.0176306,2.0206828,0.07861665,0.67240536,1.4007547,0.1,3.1554496000000007e-06
2.017025,2.0162601,0.07862258,0.67218137,1.4001527,0.1,3.1554496000000007e-06
2.016621,2.018043,0.07861695,0.6720595,1.3992995,0.1,3.1554496000000007e-06
2.017463,2.018932,0.07862529,0.67241555,1.3986094,0.1,3.1554496000000007e-06
2.016762,2.021117,0.07864296,0.6721477,1.3978531,0.1,3.1554496000000007e-06
2.0166383,2.0180633,0.078611284,0.67217624,1.3966917,0.1,3.1554496000000007e-06
1.76757,1.7556641,0.06292259,0.6441054,2.5766976,0.0,9.971220736000003e-07
1.7492684,1.7467544,0.06029376,0.63941365,3.2131295,0.0,9.971220736000003e-07
1.7442389,1.7434692,0.05966181,0.63803375,3.5064762,0.0,9.971220736000003e-07
1.7416297,1.7414919,0.059327383,0.6373245,3.7156813,0.0,9.971220736000003e-07
1.7393597,1.7387372,0.059093975,0.6366499,3.8843086,0.0,9.971220736000003e-07
1.7379819,1.7407019,0.058933284,0.6362594,4.0360904,0.0,9.971220736000003e-07
1.7359008,1.7387369,0.058717404,0.6356429,4.1759815,0.0,9.971220736000003e-07
1.735015,1.7346917,0.058634557,0.6353715,4.304963,0.0,9.971220736000003e-07
1.7332217,1.7341846,0.058469497,0.6348192,4.4339695,0.0,9.971220736000003e-07
1.7325702,1.734003,0.058381885,0.6346462,4.55862,0.0,9.971220736000003e-07
1.7325032,1.7317047,0.058322314,0.6346789,4.684138,0.0,9.971220736000003e-07
1.731246,1.7311243,0.058200147,0.63429826,4.8103695,0.0,9.971220736000003e-07
1.730897,1.7315301,0.058162715,0.6341961,4.937762,0.0,9.971220736000003e-07
1.7299618,1.7320603,0.058109153,0.6338754,5.0676455,0.0,9.971220736000003e-07
1.7292421,1.7300003,0.05802661,0.6336703,5.199809,0.0,9.971220736000003e-07
1.7285434,1.7297351,0.057960823,0.6334565,5.334947,0.0,9.971220736000003e-07
1.7283882,1.7324058,0.05792068,0.6334345,5.4700007,0.0,9.971220736000003e-07
1.7283411,1.7312653,0.057930738,0.6334057,5.6057887,0.0,9.971220736000003e-07
1.728254,1.7301745,0.057857774,0.6334438,5.7438717,0.0,9.971220736000003e-07
1.728135,1.729371,0.05790628,0.6333477,5.8786325,0.0,9.971220736000003e-07
1.7269987,1.7279174,0.057782363,0.6330171,6.0192533,0.0,9.971220736000003e-07
1.7359304,1.7348053,0.05782265,0.6331757,5.0607796,0.0016666666666666668,9.971220736000003e-07
1.741438,1.7441965,0.05812409,0.63353527,3.686861,0.0033333333333333335,9.971220736000003e-07
1.7472054,1.7475723,0.058532335,0.6341435,3.10319,0.005000000000000001,9.971220736000003e-07
1.7535348,1.7558001,0.058930088,0.63485116,2.8622696,0.006666666666666667,9.971220736000003e-07
1.7581549,1.7601074,0.059255347,0.63494354,2.7189183,0.008333333333333333,9.971220736000003e-07
1.7645147,1.7655053,0.05958186,0.63576525,2.6146808,0.010000000000000002,9.971220736000003e-07
1.7699772,1.7703089,0.05990596,0.63627046,2.531662,0.011666666666666667,9.971220736000003e-07
1.7758889,1.7758679,0.060271204,0.63695735,2.4613175,0.013333333333333334,9.971220736000003e-07
1.7812473,1.7860882,0.060603503,0.6374941,2.4002233,0.015000000000000001,9.971220736000003e-07
1.7862742,1.7886633,0.0608924,0.63797903,2.3457282,0.016666666666666666,9.971220736000003e-07
1.792555,1.7926596,0.06125171,0.63892466,2.297131,0.018333333333333333,9.971220736000003e-07
1.797066,1.799588,0.06154091,0.63926506,2.2525563,0.020000000000000004,9.971220736000003e-07
1.8022954,1.8049009,0.061895497,0.6398569,2.211439,0.021666666666666667,9.971220736000003e-07
1.807206,1.8107581,0.06220869,0.64038575,2.1737192,0.023333333333333334,9.971220736000003e-07
1.8123719,1.8150144,0.06252797,0.641037,2.1383777,0.025,9.971220736000003e-07
1.8174251,1.8200122,0.06286507,0.6416492,2.1052308,0.02666666666666667,9.971220736000003e-07
1.8222135,1.8241624,0.063185,0.64219326,2.0741687,0.028333333333333335,9.971220736000003e-07
1.8266602,1.8291895,0.0635209,0.6426019,2.0451038,0.030000000000000002,9.971220736000003e-07
1.8324089,1.8341473,0.06385941,0.64355475,2.0170581,0.03166666666666667,9.971220736000003e-07
1.8365208,1.8402603,0.06418147,0.64388293,1.9907869,0.03333333333333333,9.971220736000003e-07
1.8423393,1.8433503,0.064536,0.6448808,1.9656345,0.035,9.971220736000003e-07
1.8472965,1.8457999,0.06487812,0.64556146,1.9417497,0.03666666666666667,9.971220736000003e-07
1.8516135,1.855127,0.06518698,0.6460361,1.918842,0.03833333333333334,9.971220736000003e-07
1.8561364,1.8573468,0.06553413,0.64657116,1.8968309,0.04000000000000001,9.971220736000003e-07
1.8605205,1.8644061,0.065855555,0.647091,1.8757015,0.041666666666666664,9.971220736000003e-07
1.865752,1.867416,0.066219196,0.6479226,1.8553287,0.043333333333333335,9.971220736000003e-07
1.8702394,1.8730078,0.06651333,0.6485363,1.8358958,0.045000000000000005,9.971220736000003e-07
1.8747392,1.8778983,0.06686587,0.649108,1.8172352,0.04666666666666667,9.971220736000003e-07
1.8786671,1.883306,0.06718664,0.64950037,1.7989573,0.04833333333333334,9.971220736000003e-07
1.8841705,1.8840095,0.06750005,0.6505092,1.7829528,0.05,3.150905752576001e-07
1.888231,1.8907968,0.06783244,0.65094113,1.7670401,0.051666666666666666,3.150905752576001e-07
1.8927752,1.8939731,0.068117686,0.65163416,1.7511666,0.05333333333333334,3.150905752576001e-07
1.8973814,1.8974017,0.06846985,0.652294,1.7358513,0.05500000000000001,3.150905752576001e-07
1.901868,1.9038757,0.06877248,0.6529649,1.7210222,0.05666666666666667,3.150905752576001e-07
1.9062542,1.908762,0.069125615,0.65356106,1.7063551,0.058333333333333334,3.150905752576001e-07
1.9104507,1.9113815,0.069431536,0.6541316,1.6923801,0.060000000000000005,3.150905752576001e-07
1.9146938,1.917242,0.06977146,0.6546973,1.6787348,0.06166666666666667,3.150905752576001e-07
1.9191375,1.9196103,0.07007854,0.65538925,1.665285,0.06333333333333334,3.150905752576001e-07
1.9232954,1.9245951,0.07040372,0.65595835,1.6521559,0.065,3.150905752576001e-07
1.9273319,1.92895,0.07072938,0.6564896,1.6392652,0.06666666666666667,3.150905752576001e-07
1.932321,1.9329166,0.07107994,0.65737796,1.626966,0.06833333333333334,3.150905752576001e-07
1.935848,1.93802,0.07138592,0.6577397,1.6147715,0.07,3.150905752576001e-07
1.9408427,1.9438348,0.07176149,0.65861076,1.6034281,0.07166666666666667,3.150905752576001e-07
1.9447062,1.9478805,0.07205423,0.65914416,1.5914998,0.07333333333333333,3.150905752576001e-07
1.9487826,1.9517072,0.07239708,0.65971035,1.5801858,0.075,3.150905752576001e-07
1.9537144,1.9544871,0.07271741,0.66065025,1.5690674,0.07666666666666667,3.150905752576001e-07
1.9572164,1.9599465,0.07303514,0.6610324,1.5580549,0.07833333333333334,3.150905752576001e-07
1.9616638,1.9631424,0.07334246,0.6618046,1.5474529,0.08000000000000002,3.150905752576001e-07
1.9653796,1.9691129,0.07368192,0.66226125,1.5369993,0.08166666666666668,3.150905752576001e-07
1.9696126,1.9695646,0.07400554,0.662952,1.5266238,0.08333333333333333,3.150905752576001e-07
1.97392,1.9747633,0.07436548,0.66361934,1.5171518,0.085,3.150905752576001e-07
1.9776338,1.9790804,0.07463132,0.66418856,1.5067412,0.08666666666666667,3.150905752576001e-07
1.9817325,1.9848499,0.07500349,0.6647766,1.4975332,0.08833333333333335,3.150905752576001e-07
1.9857711,1.9876294,0.07528929,0.66545826,1.4878044,0.09000000000000001,3.150905752576001e-07
1.9898986,1.9914036,0.07564928,0.6660905,1.4787167,0.09166666666666666,3.150905752576001e-07
1.9939364,1.9971943,0.0759444,0.6667582,1.4697832,0.09333333333333334,3.150905752576001e-07
1.9972187,1.9977783,0.07627079,0.6671166,1.460528,0.095,3.150905752576001e-07
2.0016954,2.0018637,0.07658141,0.6679644,1.4516987,0.09666666666666668,3.150905752576001e-07
2.005234,2.0065053,0.07690689,0.66843456,1.4428506,0.09833333333333334,3.150905752576001e-07
2.0096414,2.0120232,0.0772543,0.6692106,1.4347936,0.1,3.150905752576001e-07
2.0094538,2.0138555,0.077305086,0.6691605,1.4328983,0.1,3.150905752576001e-07
2.00965,2.0115006,0.0773062,0.66927725,1.4319128,0.1,3.150905752576001e-07
2.01106,2.0130153,0.0774282,0.66974205,1.4313426,0.1,3.150905752576001e-07
2.0097752,2.0117815,0.0773759,0.6693188,1.4303857,0.1,3.150905752576001e-07
2.0100842,2.0127716,0.07738636,0.66945696,1.4297594,0.1,3.150905752576001e-07
2.010886,2.0141869,0.077443615,0.6697403,1.4292617,0.1,3.150905752576001e-07
2.0106351,2.0120616,0.07741627,0.669695,1.4285713,0.1,3.150905752576001e-07
2.0102477,2.0110316,0.07742401,0.66955966,1.4278834,0.1,3.150905752576001e-07
2.010541,2.0130446,0.077468134,0.66964525,1.4275758,0.1,3.150905752576001e-07
2.0103302,2.0121663,0.077430815,0.6696271,1.4268556,0.1,3.150905752576001e-07
2.0101829,2.0124571,0.07744911,0.6695746,1.4262358,0.1,3.150905752576001e-07
2.0102415,2.0135448,0.077461444,0.6695947,1.4260083,0.1,3.150905752576001e-07
2.0106492,2.0117154,0.07751183,0.6697433,1.4251127,0.1,3.150905752576001e-07
2.0101435,2.0136383,0.07748644,0.6695748,1.4249035,0.1,3.150905752576001e-07
2.0110648,2.0103006,0.07753266,0.66990805,1.42463,0.1,3.150905752576001e-07
2.010643,2.0124419,0.07751042,0.669776,1.42427,0.1,3.150905752576001e-07
2.0104322,2.013082,0.077522576,0.66969824,1.4238011,0.1,3.150905752576001e-07
2.0107133,2.0117977,0.077526554,0.6698287,1.4232498,0.1,3.150905752576001e-07
2.0102146,2.0135388,0.077475116,0.6697065,1.4226044,0.1,3.150905752576001e-07
1.8098089,1.7885404,0.069601014,0.6543225,1.7256266,0.0,9.956862178140163e-08
1.778678,1.7739822,0.0649085,0.6465627,2.0329163,0.0,9.956862178140163e-08
1.7674001,1.7654343,0.063108966,0.6438511,2.2333283,0.0,9.956862178140163e-08
1.7615167,1.7600634,0.06207104,0.64253557,2.3977287,0.0,9.956862178140163e-08
1.7560384,1.7560155,0.06128011,0.6411353,2.5416667,0.0,9.956862178140163e-08
1.7521327,1.7523404,0.06079744,0.64005566,2.670718,0.0,9.956862178140163e-08
1.7498864,1.7489218,0.06037474,0.63957983,2.7878594,0.0,9.956862178140163e-08
1.7470814,1.7468469,0.060061906,0.63877064,2.8944747,0.0,9.956862178140163e-08
1.7447425,1.7449026,0.05977954,0.6381174,2.991777,0.0,9.956862178140163e-08
1.742931,1.7448334,0.059521172,0.6376512,3.0813284,0.0,9.956862178140163e-08
1.7422826,1.7422065,0.05939001,0.637523,3.1642008,0.0,9.956862178140163e-08
1.7409633,1.7408768,0.05925356,0.6371318,3.2397134,0.0,9.956862178140163e-08
1.7394669,1.7409964,0.05907359,0.6367132,3.310801,0.0,9.956862178140163e-08
1.7386619,1.739577,0.05901959,0.6364452,3.3764179,0.0,9.956862178140163e-08
1.7380899,1.7385763,0.0588488,0.6363871,3.438845,0.0,9.956862178140163e-08
1.737078,1.7368796,0.058774944,0.63605624,3.4971845,0.0,9.956862178140163e-08
1.7364862,1.7364697,0.058701646,0.6358928,3.5521972,0.0,9.956862178140163e-08
1.7361578,1.7368821,0.05860323,0.6358599,3.6043818,0.0,9.956862178140163e-08
1.7348747,1.7355372,0.058511943,0.6354379,3.6544282,0.0,9.956862178140163e-08
1.7343534,1.7358897,0.058432348,0.6353091,3.7020762,0.0,9.956862178140163e-08
1.733625,1.7342777,0.05841079,0.6350392,3.7474918,0.0,9.956862178140163e-08
1.7397454,1.740434,0.05838809,0.63503605,3.7110875,0.0016666666666666668,9.956862178140163e-08
1.7454829,1.7457385,0.05839925,0.63505596,3.553504,0.0033333333333333335,9.956862178140163e-08
1.7502503,1.7518982,0.058494806,0.6349244,3.3404546,0.005000000000000001,9.956862178140163e-08
1.7555635,1.7566221,0.058696512,0.63521117,3.1191454,0.006666666666666667,9.956862178140163e-08
1.7601327,1.7614301,0.05898015,0.6353449,2.9184132,0.008333333333333333,9.956862178140163e-08
1.7656991,1.7664133,0.059391543,0.63589007,2.7495193,0.010000000000000002,9.956862178140163e-08
1.7709087,1.7721194,0.05976278,0.63640136,2.6141431,0.011666666666666667,9.956862178140163e-08
1.7772905,1.7793902,0.06017419,0.6373627,2.5086174,0.013333333333333334,9.956862178140163e-08
1.7828232,1.7839181,0.06054756,0.6380263,2.4259188,0.015000000000000001,9.956862178140163e-08
1.7876036,1.7885635,0.06087112,0.6384507,2.3579423,0.016666666666666666,9.956862178140163e-08
1.7928767,1.7933085,0.061239608,0.63903624,2.3011155,0.018333333333333333,9.956862178140163e-08
1.7984778,1.7981403,0.061573137,0.6398067,2.2514133,0.020000000000000004,9.956862178140163e-08
1.8034289,1.8058758,0.061922498,0.6403148,2.2078037,0.021666666666666667,9.956862178140163e-08
1.8086139,1.8099406,0.0622518,0.64095986,2.167921,0.023333333333333334,9.956862178140163e-08
1.8133651,1.8155603,0.0625611,0.6414732,2.1311798,0.025,9.956862178140163e-08
1.8181323,1.8206539,0.06289128,0.6419885,2.0974836,0.02666666666666667,9.956862178140163e-08
1.8236678,1.8253186,0.06326548,0.64278364,2.0663002,0.028333333333333335,9.956862178140163e-08
1.8284051,1.8299402,0.06357407,0.64334345,2.0370414,0.030000000000000002,9.956862178140163e-08
1.8329016,1.8353289,0.06386264,0.643849,2.0091288,0.03166666666666667,9.956862178140163e-08
1.8376579,1.8389533,0.06420618,0.64441377,1.9832417,0.03333333333333333,9.956862178140163e-08
1.8431749,1.8436816,0.06454813,0.6453016,1.9585905,0.035,9.956862178140163e-08
1.8471318,1.8491653,0.06487657,0.645594,1.9351492,0.03666666666666667,9.956862178140163e-08
1.8514489,1.8540442,0.06514725,0.6461029,1.9127893,0.03833333333333334,9.956862178140163e-08
1.8564217,1.8582709,0.06549171,0.6468162,1.8912944,0.04000000000000001,9.956862178140163e-08
1.8607593,1.8637003,0.065835394,0.647286,1.8709416,0.041666666666666664,9.956862178140163e-08
1.8657756,1.8666865,0.06613428,0.6480872,1.8512766,0.043333333333333335,9.956862178140163e-08
1.8712399,1.8734769,0.06653876,0.6489645,1.8329318,0.045000000000000005,9.956862178140163e-08
1.8749868,1.8774167,0.06680756,0.64930373,1.8151841,0.04666666666666667,9.956862178140163e-08
1.8794241,1.879354,0.06711968,0.6499005,1.7973819,0.04833333333333334,9.956862178140163e-08
1.883107,1.884585,0.067335136,0.65019023,1.7858665,0.05,3.146368448292291e-08
1.8877649,1.8905859,0.067610584,0.6508796,1.7717305,0.051666666666666666,3.146368448292291e-08
1.892027,1.8927338,0.06793341,0.651393,1.757082,0.05333333333333334,3.146368448292291e-08
1.8959854,1.8991611,0.06821269,0.65183794,1.7428873,0.05500000000000001,3.146368448292291e-08
1.9007845,1.902458,0.06855449,0.65256655,1.7290897,0.05666666666666667,3.146368448292291e-08
1.9046115,1.9067144,0.06879647,0.6530271,1.7151845,0.058333333333333334,3.146368448292291e-08
1.9090965,1.9115902,0.06913242,0.6536596,1.7019403,0.060000000000000005,3.146368448292291e-08
1.9133756,1.916872,0.06943932,0.6542604,1.688534,0.06166666666666667,3.146368448292291e-08
1.9178382,1.9196621,0.0697606,0.65492135,1.6757896,0.06333333333333334,3.146368448292291e-08
1.9220765,1.9242584,0.07004378,0.65554225,1.6632514,0.065,3.146368448292291e-08
1.9257836,1.9288565,0.07038255,0.655908,1.6508602,0.06666666666666667,3.146368448292291e-08
1.9303131,1.9328613,0.07066436,0.65666294,1.6389514,0.06833333333333334,3.146368448292291e-08
1.9343787,1.9367294,0.07098837,0.65719545,1.6274189,0.07,3.146368448292291e-08
1.9391199,1.9405332,0.0713181,0.65800303,1.6160543,0.07166666666666667,3.146368448292291e-08
1.9432609,1.9448174,0.07164531,0.6585728,1.6052128,0.07333333333333333,3.146368448292291e-08
1.9479425,1.9497693,0.07192118,0.659431,1.5941615,0.075,3.146368448292291e-08
1.9516181,1.9541446,0.07223784,0.65984786,1.5835295,0.07666666666666667,3.146368448292291e-08
1.9556484,1.9571944,0.07252654,0.6604494,1.5728749,0.07833333333333334,3.146368448292291e-08
1.9601158,1.962131,0.072872095,0.6611552,1.5630947,0.08000000000000002,3.146368448292291e-08
1.9631865,1.9651722,0.07313073,0.6614176,1.5528446,0.08166666666666668,3.146368448292291e-08
1.9678464,1.9705698,0.07345874,0.6622389,1.5432289,0.08333333333333333,3.146368448292291e-08
1.9717295,1.9728552,0.07376508,0.66278815,1.5334883,0.085,3.146368448292291e-08
1.9758608,1.9784173,0.07409692,0.6634069,1.5242459,0.08666666666666667,3.146368448292291e-08
1.979569,1.982613,0.0743979,0.66389096,1.5152471,0.08833333333333335,3.146368448292291e-08
1.983111,1.9856757,0.07471273,0.66429746,1.5065067,0.09000000000000001,3.146368448292291e-08
1.9869605,1.9908471,0.07497291,0.66491884,1.4970684,0.09166666666666666,3.146368448292291e-08
1.991541,1.9946799,0.07531924,0.6657133,1.4888525,0.09333333333333334,3.146368448292291e-08
1.9955218,1.9996694,0.07562983,0.6663187,1.4805309,0.095,3.146368448292291e-08
1.9990698,2.0027885,0.075913765,0.66679585,1.4720262,0.09666666666666668,3.146368448292291e-08
2.003082,2.0058527,0.07620493,0.6674519,1.4637967,0.09833333333333334,3.146368448292291e-08
2.0071714,2.009524,0.07658835,0.6680301,1.4562533,0.1,3.146368448292291e-08
2.0073614,2.0090702,0.07668833,0.6681617,1.4523622,0.1,3.146368448292291e-08
2.0078173,2.0091016,0.07668473,0.6684153,1.4506729,0.1,3.146368448292291e-08
2.0078437,2.0104156,0.07670665,0.66845393,1.4494244,0.1,3.146368448292291e-08
2.0080142,2.010528,0.07676022,0.6684983,1.4486799,0.1,3.146368448292291e-08
2.00785,2.0108485,0.07678788,0.6684223,1.448244,0.1,3.146368448292291e-08
2.0079846,2.009162,0.076813765,0.6684797,1.4475096,0.1,3.146368448292291e-08
2.0082276,2.0118332,0.07683305,0.6685792,1.4469668,0.1,3.146368448292291e-08
2.0079021,2.007628,0.07687941,0.66841704,1.4466097,0.1,3.146368448292291e-08
2.0084095,2.0104146,0.07685932,0.6686671,1.4459364,0.1,3.146368448292291e-08
2.00823,2.0109315,0.07690994,0.6685632,1.4454702,0.1,3.146368448292291e-08
2.0079365,2.0103745,0.076884314,0.6684914,1.4449717,0.1,3.146368448292291e-08
2.0086873,2.009215,0.07688068,0.66881907,1.4443809,0.1,3.146368448292291e-08
2.0086143,2.0096424,0.07694624,0.668732,1.4441894,0.1,3.146368448292291e-08
2.0083883,2.0096698,0.076949015,0.6686498,1.4439138,0.1,3.146368448292291e-08
2.008336,2.0098858,0.07697276,0.66861916,1.4435612,0.1,3.146368448292291e-08
2.0081227,2.0088825,0.07696035,0.668562,1.4431661,0.1,3.146368448292291e-08
2.008379,2.0109437,0.07694977,0.6686884,1.4428371,0.1,3.146368448292291e-08
2.0085769,2.009631,0.07697363,0.6687599,1.4424326,0.1,3.146368448292291e-08
2.0084488,2.0106924,0.07695516,0.66874075,1.4420897,0.1,3.146368448292291e-08
